상품명,가격,상품링크
미트리 닭가슴살 BEST50 골라담기 ,990,http://adgate.auction.co.kr/core/click?nextUrl=http%3a%2f%2fitempage3.auction.co.kr%2fDetailView.aspx%3fitemno%3dC306384629&data=w3YoKjKgvE4IPNV2Md%2fD64qN7HIcD846EcAkg0H0mDMhYCZikHJOnZmBVYXeRy4N5%2fmZpMG2wfd2JyVNqg4Q9%2bUbeDP0cJRoKRJTZzYyOfpee9kexKQiIuEyfUdwhFK%2ff3JXNE4CjJeGM%2bQZYIBboQ37irry7NwfB0nkEp3QcGv7nu1zZS15tG7J0WSgQ1J9UyYITBRBFaEdqLKM%2fTQWS%2bIUpG1f88ih%2bzYVcjrEgPQI30RFxOA71Txhxn9V%2bdHJDaU8gLe%2bao4x0l28AGOUMdzGzpTYfY0KtbQ0ziPRZ1WvRzCEwAf1PHq1KCYy6Vz7wl7g6n%2bw%2bxC7sG7RKZ100sT%2bxCasJA16BG%2fcpUYK0TRFygsznJO0r51akmjlgwGbEerET1AsFqqeo%2fR8dNlh4JmJ%2f%2fYMO91XP85KwkeiLyVKbzuGBNB3Xgcnk4Cuj5QOs2UEYcOOTeq95GjDBJvfka%2bN7VXo2%2fcLugtaOCdCtGGc%2b1xb8rbozw1PtClt16fJqd7cpHaI9Rbj%2bkzUJ2if02eGfwiA%2bc6exl%2bgOmV6fzmqigoKBUcMWMzYubm7cPWi0MkUiWHylidu%2bh00WVdjJUpWEvk3HSQU%2fScagM49XkWLnmcxgC0HKmqccvSFZsUqmsr1lkegz5kzxYAQmwxNDEOMZ2Ln0pC1TAFobL8VX4eJ6in4qxvAUp0KmASjAo8QQcfNxXdDy5VmcyZZWxgnuLEi6W6F4YG8isFmVku2NOOs%3d&referrer=http%3a%2f%2fwww.auction.co.kr%2f&seq=339653462634&type=1
바로드숑  아침 실온보관 닭가슴살 저염(100g) 30팩 ,"59,900",http://adgate.auction.co.kr/core/click?nextUrl=http%3a%2f%2fitempage3.auction.co.kr%2fDetailView.aspx%3fitemno%3dC412010912&data=wz4tErPvsLEXzDKtH9qPcv%2f%2bpcf5m%2b6q%2bJXqW7aChWHeO8EWsLxF2z0XjjElJ%2fKZ2UMzagC5NvRlJtZowh%2bmoMdrySkq%2bpvvrZNAJAP8U8gHul3qUaypJHuBkBAf%2bhUbZmBg10va1i0kiGUlwvZVz4BNxyLK%2fQ%2f7EBddwzKtm99US5gAvm4En6rmJpKepNskGi6bH5UuY9hmQYs%2b4jvHmFLHfNkiXtUEwVUgTyW7L7wP1YwR8OXILB4xc%2fAN377zDAOE3ablQD7eV8L65WyG%2bezCw%2b3APkRcf%2f2PXi6nSpzNQd2qnoCZhVj2YPAJO%2bMoh3fSNdUHgA5x78h9s%2f356OpqDPnUeBMPadx%2f8rCqxbpkpmSlCH0bKGgweGk%2bSkPnPdJSwMMrtB%2flGdQLq2nHNqs%2bmYb%2fLh6n1q7oLLGtBIBVS395dxeNpaymVvpOXzWA6S5MdpGHYA0VThyiEEhgHuxE3OLaNl3c91QePHRFLJ7ZxzOgQkZ3QJjxrfHuj8SjlE4u%2fTOh3Am7TpfewfMkSykduTUGpDXlCyzzUq4W7N7pEZynQUI1pItJS5lPHpwzwayKv8a%2bgVLAwzcejOWE3vjh3eQaLnBBkkjXg4rKiKlR4HRcN%2bzueL32MaP0Z%2fQEJCgivI%2bLsHSYclmcCOY8apeiF6h15VZ4CQ2NoH9JSucKuJjsf5Tahfc%2b1asJhw52iclQBEihbbib9DZTkq2TXER6etgOrqRQNXsZfNGXXTVc%3d&referrer=http%3a%2f%2fwww.auction.co.kr%2f&seq=339653462636&type=1
풀토래 뉴혼합 닭가슴살 10팩 /무료배송 ,"16,900",http://adgate.auction.co.kr/core/click?nextUrl=http%3a%2f%2fitempage3.auction.co.kr%2fDetailView.aspx%3fitemno%3dB787878529&data=wlq4gjoZn5k1w8HgmxtQP83HNAzzubNxNo3hLCEuk%2bCHqhUuBijSkbcSmhdPo%2fS5mDuB5vishywPlXPy%2f4IdmIgCZMDBvb5krWQ5Jg0qAX33CC9EkLRaxrc3uOhWWqE7d9EC6lOi%2bFcH74TZMx198GB9VZxOS16dbemStwMI4JGnv%2fHAc07O98al%2bd63GlKABw%2foykOzdFOLW2%2bv2zNm8HRXstzbW06ROg9DBTFi%2bkG0TjK4VLja%2fB7XMKFfnNGENHB3sgFMcb9rQv5lqlalReoTStVgoO7oUXz54fuLJSaqZmAXQ%2fmIwY0f0XfpdrfdOznxI4cZW9GNm05hYUKA%2fLcfWJiG5M%2fhbJyOC4jGLEW%2f2%2feC%2fo%2fI50q%2fkEQaV0bSaMHChTwzxVpy7ICSmZpqC%2f6YxefiwMevzguTRzirwEQyMe3tixmfF%2b3TOQHPPnLgXX6YoOH8iFM8nF1GhnFiPCWfHp%2bWU6k14hhlVquBSzy2kEpb5av%2bKbu9J6%2fshXoy0VYlLMTAYwuV4F2LhDOJg8fIQKjc0SY%2fmdwyxzO%2fNhbTO0w5g0Hj7coLH%2fPs%2bgYNZqZVT%2fMd2NCsP8OVVWM9%2bZHhiF2YbKbtxfFPss%2fuajLrq6e6kBX75qJ3bC8RfRYGBwDkk6WK4A6Ca5csonSOK2QH%2fk4lQ%2fDOk9lWde9DxKwX4n18IhH4YgojCR4OhaeRtINFKZdt1xYYTMoNVTflli%2fAB8WwMpN7y&referrer=http%3a%2f%2fwww.auction.co.kr%2f&seq=339653462638&type=1
바비뚝닭 생닭가슴살/한입큐브/스테이크골라담기 12종 ,"1,090",http://adgate.auction.co.kr/core/click?nextUrl=http%3a%2f%2fitempage3.auction.co.kr%2fDetailView.aspx%3fitemno%3dC415326117&data=wQq%2b4XegQwlWiYeXDK3z7%2bLTGMLBydqh8slEzhslCu0k%2bsvbLHe4BdMyB3JFVP%2fVXiMMYSZiIGIP1lkcTWmIQZlQMq6ledXVzj3D1fTkJOMKa0n20AHr9N7q6RMCWj4bOm1eebmso6CeZFyJIiGD1vFkb49hXJP5rnx%2bMh3gHJfLew1N7urjypVJ%2buLhOPj8NNBRK4pu16%2bEgv%2fb%2bg4gZhmK5vT1EeuXFRc5ObPS%2fPF0S2M1HKL6tJcbtIRQdDIyRf9vAviKh8usOH%2frKCz4xBJFujw%2bQ5Ml9wR%2fuj5s9yJgs2Fr%2bBjGBscR0IYKuc1PUH97%2bRxgVbGp2NJjnbYK64kHbfyWhl1aZYY7A6NLSkuQsqLPRg2DCAa6v4Vq4hqWOB6Q5wAjybq4NhTWEpE9Ug8Ua9nfp1xqgYXk%2bNIA%2f%2bhr7Q2vDAlPa8OyUH96hbkcqcciCad2x7FZb02TQ1ezD%2bsAC2UDFupvu%2fUWGfDGGl3nGr%2bg8JDafbMD9Vl8%2fTX8x7noLCs%2fud2i1JS5Cdo2%2fLsBSnZyB5YQFLXmMBGMYyvzlcGc%2b30lfIZW%2fxygBGMD%2fjVz8p8SZ9Qaw4w9sqc35Tk3m8%2f5c4ldpnfoSL%2buFifdDNcefCcjkmqPwrTXBrkH9FxcVgzSebh6jpKiTpT%2fA8o2LX8d3eHBlsd3Y%2fBRODzwUfPAr1aoLpheSKlswxO%2f8RkZ1uE13zM9alQvExS3s%2bjV0CKC5pcDz&referrer=http%3a%2f%2fwww.auction.co.kr%2f&seq=339653462640&type=1
SOGOOD 냉동 닭가슴살 200gx20팩 순수한 닭가슴살 ,"27,900",http://adgate.auction.co.kr/core/click?nextUrl=http%3a%2f%2fitempage3.auction.co.kr%2fDetailView.aspx%3fitemno%3dC219125016&data=wlq4gjoZn5k0kqAyEf3ONiPBFvSxEKSj3AbVC5BkxDgUUGLNBpBUjeg4i6pPJK7%2f3vWR8b7LfdFsIO5IDGs60d6Fu8RDl1hCs2r5u6tHIoFQBrx1UpsmUJInzJBArF7KEmvKN5F7BHY67HXksVIvlYBg0RxRzp5weWBky2VeFrUO5BxchJlF1qkkVtU0Gn6Yqq4lMetH7Qbtt7SQOXYZCDjL1fQGm9a79kPzIwGhltKR%2fFSgstKq9NWnzNMnxvDEf%2bdLYpJ%2fIGBpDcIxi0sQSElhu36DKTAkX6DCbSCcAfxadOx06GeDyUkVWmwnmD5wUPLhPlbcogABDYyxtVn2UWtVYZ%2b6k8SYxPZjPt0sCj7yf8I3z1xaua0%2bJ8Q9t0GAakvsC1J9P1gAeC%2fyi%2btQNry9Yo4vuCYDbdOdpOTiOFje4sodCX6KR3s1zrs4QlbygeBiKq%2fhSxNuXdIoetvE%2fslQzqJLnWs8axMAq2bIa8QHbfbOY5jQhVs0%2fvhhyKGZ1fP3dFHdjQ85Ksp%2fF59ajE1V23XDByDHDrwdh1g8yvf5L4IMO1KfkeQbb%2f464aa1hHn6ew7ZEjjO%2fsCqAqehjL11XnTdqqVDQ%2fSOp3wP3bXSAcZqO8YShjmFLp%2bd5LWWI1hh1uDP30FHZvAfSXwi4Ze9mZNN2SX%2bGuQXiI%2byoMuqqvggXUgBX6yLFAbZZ0nvJzw13IfPN0KPtw2mNsUPAGHSp4qVu6%2beMgB9VnwuCAec%3d&referrer=http%3a%2f%2fwww.auction.co.kr%2f&seq=339653462642&type=1
랭킹닭컴 닭가슴살 스테이크 오리지널 7팩 외 골라담기 ,"12,500",http://adgate.auction.co.kr/core/click?nextUrl=http%3a%2f%2fitempage3.auction.co.kr%2fDetailView.aspx%3fitemno%3dC600221326&data=wlq4gjoZn5k2y4nPh%2fExU587Q2lP3Zg6XrKz%2fPHcnmXqakBwl%2f24cK2XDZTuo%2fNR5T43C%2f%2bV1DwnPJ9RxrfDQ%2fr%2byvHMNUS0OC86E6%2fslN6%2fVO4YI84cZRDZ4IOE%2bPRDJ%2b6ya2JS7LJxLbJp%2fi4c76d6x4AQYSXJcrfR7kB39juv1jPVVGlhV7Js%2b90iPMtlymhNwCZeDP1ox3JTg8YUTsHZoWA4O%2bSKoe3%2fgnT9dot7NfI09aL8La4GQvVe82QfYs1qHSqzYIJ47nBlqgIzoFrp9SoTt8yrA8KfPWVp1GuD28nHotHHdKtPaA2kWWIi8dav0pWEBlsbk7Qod5fcfvJxKx20prSX0ErqUGHsrhI9ZTijG1j1smIr2hSHc7RQAtoep3NKKy576aZSIj8RjglSH5aqMMlcTyFq3uY29ORPfiw4n5jTJboaTvxgjSaZr%2fq4PAqV%2f3chVZozqrLHLsmwdnNxghoKdw%2bPLeJgav%2bMbVkmKMsFLExsX63%2bPzzX230MEF80hfaAmsckCFo%2fn2WJHY1QDplzEKT48ZYkmhnfBB9oSxkdSFm9NCkeHfZeCRClGM0VijKU13oYBtYhip9DsRLX7%2fC%2b9b%2b9pdRe0bEryKNG8jhxEJuZuvA5GlKGKlRI8Nfw2CTZN6oa4ahtKAl2%2bCD7ViRsWFeZavsPqlUpPMU0kBSfSTb2V0Lzh34bn41772UXWpYwHuqnww35aK6WmML7ANZoB&referrer=http%3a%2f%2fwww.auction.co.kr%2f&seq=339653462644&type=1
닭가슴살 스테이크 오리지널 100g(1팩) 49종 골라담기 ,"1,880",http://adgate.auction.co.kr/core/click?nextUrl=http%3a%2f%2fitempage3.auction.co.kr%2fDetailView.aspx%3fitemno%3dC208565049&data=wsP07KgqvfbzCZlzPlvXMTFL%2b5%2fN7bi9v9fVvjcIgVqTJJED6pkL5qwimzEvHc60DcDorRKK7S%2bLLScfsNhup8fh0X%2fTGohshL2F5T0N23btaQoT3j%2bsXIvqXhmjtBP%2bT%2bF2JNXSnsEkLqjfVphfETENf%2fuXjdVbqLFxZAyCkaLScuqIWI8D7%2fpbrhl8G4y9A2V0jXv4Fbp17acdIlfpbfn7%2bZJNSCag6GMPgPUqI6FTU6BsALwfW9knlNf5J4TVuMsS7f8hmr%2fbSJVZoB5toRY9kTMImLPAONf0%2bhJDndlCQ7YWoC%2bQfVicTdHNbU29eMtp8AIpTXnzf26n01IYatyWGgpeA4VgB8guR6WtMt3ylVCCYnuFsqKNuzyWyrag2Gqdbxdj%2bCdsDyQ1BILUBGxr3mPteOGVHj2UrCtIM3rBxCfIzGK7GHnXfvg7xLi94n1KtHDLw28sBQ5vadSRSrcxAjfs6oPGySsia7mPPuQ%2fH9VB3bGHvdUk5LfUMJslJUD8KyJ4EsIIlTo72UhEbzt0z1Z81UxkamSTcVZvuGfGTIsOF4rgy1tUWiSAaCTdsSj3G8jxb6qV953YExXCFcqy%2fbe81Kj9dCKBquFe6E5SNwP4DnFBCkUAacjfdAblnmh2kfSq93njmROanhx7aMLX%2bfANYfvrh85SdBOB6rshQJBLb9ElRs6x35M3PChyj9QWCLBh93RF3Puo4TbG3RpClfH4fLk%2fJ&referrer=http%3a%2f%2fwww.auction.co.kr%2f&seq=339653462645&type=1
미트리 닭가슴살 스팀슬라이스 150g 8종 1팩 골라담기 ,"2,350",http://adgate.auction.co.kr/core/click?nextUrl=http%3a%2f%2fitempage3.auction.co.kr%2fDetailView.aspx%3fitemno%3dB697349124&data=wBOULrZ26xFHrKgxCcFx2L7FKm6B564cl9T5Q0Pw5Fba5opJ2x9gR%2fMZcvU5d0b%2bG13LMaJKV2%2bP9fVzO4rMd%2bH8f%2fgPXeNbIubd6nK%2biBDkDHvaeZVFcj2P%2fHTKRS2ytWZkORVqxU5g8werFVG0d8lnnXBTa4r2RM4cqOWHawM6avmmkO%2fqZyIutS995vWFdEnby2TJ2spcyz2YRA0flwulr6EnA1FgLgXZFz1mV%2bjESo%2fQGCFnHW%2bqLveSM9Y3nW%2f5grTK7Ws%2ftqha1nEu9TveMO7H33%2bEd%2b5vO62VILsBreXyKBQz9BylraPgAJjdmOrhp77fw1GfDrz7MUPp01KC%2br0wvVCDwymsopMZCVhq7HKKnT0aQJoWSuFVbmGK1uwJp8s76rg6hqpDvQqQkfewUinWrfb2CeSUP6utk2ge7YCzf2%2fhYU%2bQBGUrC8YQ82xZHD%2bKacaJp5yEv6ktW7%2bmfEZHZgfAykPi4mVlmV0j9As83r3q0vaZfPAoTRZua9fmZPofgDIgBT1Ce5%2fE0F7fB4%2btKSmJ4Ugm1%2b7hO3Kjd0To7YmoiX2Lcrls%2bGpj%2fDBpsBUpopaVWuAe2UxfSyOJd3xadD%2faVX83M%2bSIZ3%2bkGOms7ZU7ykL66JxMX2QEWrb7oXY402WAIGLAscwcS4vdY7qQxniV1eySQGqX2qsTsSQv4pFF48JIXrTRUr52SnQHYtLG7QtLKk6VANqSYGd9S0QxhfubVxDFy6MbVryY%3d&referrer=http%3a%2f%2fwww.auction.co.kr%2f&seq=339653462646&type=1
그린푸드훈제닭가슴살5kg국내산 200g포장 소금무첨가 ,"46,500",http://itempage3.auction.co.kr/DetailView.aspx?itemno=A511147249
마테차 훈제 닭가슴살 3kg 국내산 닭가슴살 ,"26,900",http://itempage3.auction.co.kr/DetailView.aspx?itemno=A557125204
그린푸드  훈제 닭가슴살 3kg 국내산1등 체중조절식품 ,"28,900",http://itempage3.auction.co.kr/DetailView.aspx?itemno=A511147142
그린푸드 닭가슴살SL 10kg 국내산100% ,"49,800",http://itempage3.auction.co.kr/DetailView.aspx?itemno=A514780888
자연미가 훈제 닭가슴살 8종 100g/닭가슴살스테이크 ,"1,080",http://itempage3.auction.co.kr/DetailView.aspx?itemno=B511430087
닭가슴살 스팀 그릴 3kg (100g 30팩) ,"29,800",http://itempage3.auction.co.kr/DetailView.aspx?itemno=B889649988
다이어트 헬스용 닭가슴살 SO 스테이크 200g ,"1,600",http://itempage3.auction.co.kr/DetailView.aspx?itemno=C493774961
녹차 닭가슴살 1KG  X 10 개 (국내산 닭고기) ,"49,800",http://itempage3.auction.co.kr/DetailView.aspx?itemno=B886710554
녹차 닭가슴살 슬라이스 1KG X 10 개 (국내산 닭고기) ,"47,800",http://itempage3.auction.co.kr/DetailView.aspx?itemno=C213223180
바비뚝닭 닭가슴살 12팩 12가지맛 체험팩 ,"18,900",http://adgate.auction.co.kr/core/click?nextUrl=http%3a%2f%2fitempage3.auction.co.kr%2fDetailView.aspx%3fitemno%3dB733642308&data=wjVF2FirLS%2bysjB7t231qDfOBf6hbR5EPCyzNSwQm6M84A6jyHnK7aL%2fRdG%2fvDJUb%2bVpXj7uYMpqx4or2aZMmv4alPxICNqug3nFcdJw66OuAdfGSFCrOY6QAqTMQ%2bIx2FnwCU3eHAdRY3Bi%2bxVph86M%2bMHOkVkIhzIPeGkVuDPRpEnnRZn9m8EZKnp00hixqgkcQqePjhWhS3OzRogB3uq%2bSdvdOghG5XQpaisk7BDMg3c5KqB0lMG6IduKiX%2f%2f7V5ahmNRWKwyjdkzMbc2wRLEaNmy9mXd4QYMDTH3hkyQp36tLu8ki4dfDu%2fd6D0GNZj%2b2728qJdqt8R4Kk7AOFaohrNMpNd78SZiLVYuZ1N8Mkqy4HGTKv%2bvjkLLrJ3vG9ksYKIwsycgV1nt2q9XaLbCZ8FtaJr7rkGbH7OAKvhiOoSV1vLKSDol%2bNuep3wY19%2fEntMN71uK6r9pKjsksh5iKHpEUqoTfm5J0Bmek83FdCHUfK7geqiAg0pmQ3x0Sr1E%2fmr%2fkslMMfKzt2%2bEkFUoN77iVwQYP1OkFpLtAjE7GQ7nBvLREOHiYk6%2bnv4tT7sVFPfPQ6MZf9S%2bSSzLUEwLvMFqG50Tqrun1dw1O1f93sV4Tei6lRaA54jhO%2fZ76gnr5uCPXZHntXNzVdvA4jZZcl5QD9yImOfwk6y5i6Ndyexe5okkdLrr4%2f3rXUdvu3X9qKjJ82Pf3zUicfyWJGV%2bXL2wohmJM&referrer=http%3a%2f%2fwww.auction.co.kr%2f&seq=339653462647&type=1
탉 닭가슴살 스팀뿜뿜 칠리맛 100gx10팩 (1kg) ,"17,500",http://adgate.auction.co.kr/core/click?nextUrl=http%3a%2f%2fitempage3.auction.co.kr%2fDetailView.aspx%3fitemno%3dB528261719&data=wsP07Kgqvfbzmclw8eEZkZ%2b6Z4wOe8FL3W4g0mDpK3TS7swJixXgH0RfdjDKOxcY6HziSr2nJoKBCn8IP%2bKx7Wbr11U%2fGNf9THu%2fQ484mmj1W3auWxWWrYD7pmJyPhIThbAGyl0m3PySudeQogQL4ef0OnyKcuv1aVEYwZVr2X5v5D2bOKpPKhDB8PFRcZodYftzeI1S3YaXQZrxMylGjL4gEwfzJd5HJSdYMpOscpdlmtjrMFMZxttLtosDg5ACoD4D%2fLxyRUicR5aM5cRbQUa9EPp4L8DYknlkhkc6dBpsPLNwnj2P1TJFAPQMs2gH%2fpdMD00BGn0dzXyRZUNfXtM9n1qRBAfIRXPdNLqRRsHf7szyA9Pwe3eWn%2bN6H6GoNk7NQE%2bSK6r0sQTKkzbKGtCFzCt%2fmyae%2f9XnFcPGipxuFrkgCAtxjoGIAQRASEGNQkfXEQRpbkRo3Jjl6Hfn5XbF5mmSEhtS6r%2fNBOZSG%2fz9Yhvhy2AJEwMXmAn0Nq5kpRTUL%2bUG5QgrROfeodgXtGpa8NXLu6LF5otzCXAhBsn7sn%2ffruMKiaKV5fVP5eV%2b45YgE6OIAS4py4qXcda8lTRSH6%2fmoxw7aepGj%2b9UqiVSTpFdZ3wGj83UPERTboyPLiRJOpxiohyQMdKqtoMm66KDToEFT6S9GO78Uo95T2C7d%2bgEsWbhULHCGU0iQzeEikdh1Mo2akjyTrr9Psvq4i5IMVFb9htpgEPmAC%2fZI8Gw%3d&referrer=http%3a%2f%2fwww.auction.co.kr%2f&seq=339653462648&type=1
풀토래 스모크훈제 닭가슴살 10팩/무료배송 ,"16,900",http://adgate.auction.co.kr/core/click?nextUrl=http%3a%2f%2fitempage3.auction.co.kr%2fDetailView.aspx%3fitemno%3dC272457569&data=wjVF2FirLS%2bxIESC89ttXwzxB23Rd0uglCBWv%2bkPEy0Q0B5nAEc09vrUvykp5a9IoPW6w%2bJxNP9dbst%2fJFh93Pi6TJPy3tSJTnwp6TWLXLpyEsxex2PeZJqg%2bdS8vIznh3vXv95KGv2XAiZsMcUeBfadUPXoW%2f7%2bUO0M24gSFGu1C%2fWlBHkDm5ailMvSO1WnjAdxkDzX73rhjYuyGS8DpjKDbZTNxH6bN32b8auhvqux6OLe4sC1WoNV4EVxqSkhTGdIiHRKCUrUNRCqwjNakMj%2bjLTSAtreE6qcKoS4nlcFzT0njN2xuFCzceKjnvuzZ9jKRFrEKRBpAaBSZcY74GNZUeu80kJ9JPMEnIilfXC%2f1jmofqlt%2buLNOtxUPCHJdKC0UzjJCLPeJIDbeuOiyTqe4uMAMv0BakwZkScHFQzD%2b5xg3E0qibEwTuoNALkAdHjKBP1KuG8KZWtFdhgvWcmqxgviXRHumihb8hn2KRw2NqH%2bvtbXB2f%2fQ0khZMUHlzoX8dGdWc57Pv2tSTwEjyzATuS5FmvKXFBmC7mQh3acaTrwmqlT6M38y%2fnQwnZwm5EQAxeqIMeVOkra5kM36mkrZMOjZBlmQHsvxEbaELwL0OCMvnxORaNzpIjLLhmGXl6UPghMScbTbVJPpsqtEUll1KxDMJcGJntnIqQ5JMxCgcdKu7lHDwESE%2bNQR4xwdFT5JCTX%2bpOcuACws7gZJ3NSJG8Wgg8Hf&referrer=http%3a%2f%2fwww.auction.co.kr%2f&seq=339653462649&type=1
슬라이스닭가슴살 양념치킨맛 10팩/무료배송 ,"17,900",http://adgate.auction.co.kr/core/click?nextUrl=http%3a%2f%2fitempage3.auction.co.kr%2fDetailView.aspx%3fitemno%3dC274894744&data=wlq4gjoZn5k0AJr6EM0BwoDfG0AtCqqXfDPr4giU8MjmmyExY2RmnSkiqR0CP%2bSSikRoFVW%2bcaS3%2fnUGwlfmM6y%2fNoZPpuFmkpPsboZNyORhIUBzaOXvysVfjTpznUaTEdnGi%2f2kIlpNHlDmpKLu5kxf4ZjkuCSvbPrN2ukRh7OtwMr7gXvhT0EmOwIRqkiKinKFIrBBx%2fGSlgi2xUr%2f2vdMDZgheeSLzIe9bMh1OT%2f0Zqtnc1KvjNCvFlor0D2jTDJGzNPN31QOn1JhbRa093a5I9FZ7Qk3Gg3Rvq7lOc5XszRXgE8cv%2fwVFfX3ToYWkOG2NWI7pkca6CijHzuNixkkkHVT9ohfWJCpZmXYTjpjDSXJK%2bOBwsSITB5X0ZrGGSzJjtYiKlt2LsTQ4orcWrigA%2bZfAuUnVoqC2MHgq2brXdzI%2bUeMNFVxsN3yDGC5mUfnIxGbW1M4ogDrPN%2b26sTgHY9BOc8HVC7HEay2EEzbNnQiODUmEmXG2WaHsFT0jlJUP6zbmf1Qa1AFKLYRjru%2f397imQpbe%2fNylk8fgmI3bogizUh3wCox4efqXiTqQL5sBhpDfx8pPjRsnzfBLoucm6wJhdGR4KJBvApzNhXKW%2fYkchWAG64OLe0HlagufauwvuVwdKDaqoP6%2bEdN1e1k8tskXTPHgm8SKpYoqTbss9pEYMgJl5Q1oTZYuRsfK8CsXAZLCWGWa%2f2JUI73jXSh73G8th3an&referrer=http%3a%2f%2fwww.auction.co.kr%2f&seq=339653462650&type=1
풀토래 뉴그릴 닭가슴살 10팩/무료배송 ,"16,900",http://adgate.auction.co.kr/core/click?nextUrl=http%3a%2f%2fitempage3.auction.co.kr%2fDetailView.aspx%3fitemno%3dC272462465&data=wlq4gjoZn5k2Dx2OBtgbmCvpCWqgnOlRyrFhyinLSNlGXUWDT4haYzHkxYwVB9J9jZaSE0oFP4IHhJAmKx7dPeqR3yzRXGqDKjz2l6g6ErLDZSdZFZjEtyXrGVhjzwNRaZ01hZbdt6Sw8HkcNxdNIh0xRzXr5iWfM6pLQmMBdOzd1S36dS930bEUu3WxqP6r7vp%2bzf9rwx9zN6t296wKCRO7ieWFer7mK6P99QLDSb3mSvGkP93GdyFdBV3tsku%2bAcxjfG1m%2fSrE%2b0QbJox8s80Dkl6wQevCfp3gfXL%2fe%2fCpJHcuwNoVHsT9zrEDrL4dmgY8usEBon3%2flioRf9c2o48cUr7UdUMLVOg5SqNq1TNyDXJwk%2fBpH18KSi255%2bh%2b4YJncE11nVDiPuya%2f5UUvYW2zOwbc6M2RHYgjIhO4jDZItkDEY3PBsq38h43ZGeQSsIY6QNbKqR%2fShBnFmlBIJHuGO9NhswVAJ4e%2fW4FUPBmiMTryJOUVaWzwYu5zqMHc2aruiQszofIcfKUCQLLABXIHt7%2blHTPF%2fs4IpKOUSqxf0irpDais2HvagsfWQD3ornvTxYk99z3yIpP1USn3JmT43EVFAJOUNhnJeJmmuHJBXHyRK%2bUZMiqeVdC%2fSGb8b9ViSjiXKs0q3TgMdT8qluqdI35ti0vCfWSq3voCakn6QF9y122nBWsPqOTYx3b5vtCIKZf1MUgXEbAvbGgOTVc9t1jBLV6c&referrer=http%3a%2f%2fwww.auction.co.kr%2f&seq=339653462651&type=1
풀토래 슬라이스닭가슴살 까르보나라맛 10팩/무료배송 ,"17,900",http://adgate.auction.co.kr/core/click?nextUrl=http%3a%2f%2fitempage3.auction.co.kr%2fDetailView.aspx%3fitemno%3dC274687812&data=w3YoKjKgvE4LptwVMidtMYDg7n5GEKS0LRNEBzwqOn04KP0CZuHdNZPnzwbALLzi0jw882UX%2bZlJrE2FlpQJphFOem16QxTWakOnrAEJVv%2b8gXuUF%2bC7UZYptGtLm16rZep371wesfy4b%2foB6NvSyeMgVCjVkIbynuk8YWaIcNmPkSoGs6trtaGNnU4MKlf9kbbNpel0Vr%2fjeZBGfuoQnL7s6SxuZwYl%2by1zpKtts0MZdw88jL3MH%2fh9pqIxRxeaMVZLr92cZfQL3%2bArn%2fXBdCmFjj8weFsVbfEiHqZSqoUXthv%2buGgNLQb9EVLgj1f%2bXun16TJQEdc294fhiNl9Ffbr8usdK9nvXUtdwZbgzSXCvLl4LNaEE2X5PPoe7QPnmN16GU8cur90hdN8LT%2bEMiKyCh7eFp9UQh2D8n9yrUvSahrR5ppfNiTc795UgrRoy1zz9%2f0BdOMeryluUBxwC5xVLLY9Nxj84O%2b3o8xxTJtJKvHDvPd6dcPoMgsg%2fbEm5Xc0DZF4ZOrzl4wUDVNJeIzwFRGBPNeiBNp8MnK5JTJ5Rva8S9NA4zcthMDn1Hb4m0baQaWHHk%2bQQ96NncEdQqJ2KuW2yOIeYO6DEGkZF7fShCwjWTVLFsICWcjU5NU%2b2ChSY%2f00mf9euZYB7yrWP7GeWEfhsSDaqLaceRVTOvni7UgWTciuuEW9tjz5cBmLH5DmzT1rbmCZQdVLnNkylhxDwnUTwynpr&referrer=http%3a%2f%2fwww.auction.co.kr%2f&seq=339653462652&type=1
풀토래 갈릭 닭가슴살 10팩/무료배송 ,"16,900",http://adgate.auction.co.kr/core/click?nextUrl=http%3a%2f%2fitempage3.auction.co.kr%2fDetailView.aspx%3fitemno%3dC272471229&data=wGQgIPptjsx84ts6QPk%2bM9EAR1nJ1X19Dw6Ei%2fuqBq7JNgtZnWMolLPRFT%2feFY4BNdukQ1BYdkL1IqiteYjA7oiI%2baz7ks2%2bgJ2FVklzTO8TkeD4oO0qkbpszGmb8%2fx%2fcMGH%2bf6tcoPNuXQwXbC%2fbFfWXSn7BKY4L3ix6GbzPqWtkTN7MUf5Ux3EsTAI0xIQcgqd8aFmKafx01oCARTFKJHBnTI6l0lL50dd8i9YE2d22uVjL64kB6FAP1jtFiQWibbyPlAueQv6wzXtU65TnkP6a7BDQScJV%2fUQmNEFQ7xgscuetMUI1Fnk7FE8NlQJz3o1nPt3Y8pfxgr2HgegL902RtK7UavcKFkpvd9Ju5tJvg3X7BX7L%2f3LUt57qTU5FaKqwq79aIVlzUpqXgiKC3xCvPwZbQgejHWqnWmahe61SASRVOeYo3B18MLTZUhARnbgSNoD2wLgr8kE2smPSsIDNVV%2bBcZGhhQAPXGkKjOZCiRPG3eBbY%2bYeAbjozI9vctFj%2f0fHvtuUavk%2f2zwpVi8ReXLqIhDWCQbNpbadWRKgETcIy0D20iNPxEeell04xGi3qWXCOWkqMFGwo6sAFFTP1TpZjfGXm0e8ElHSXxE3qJVDltXrZha2EDxov6uDiBZzmeP3MkgdYj0a7e%2fL9aEvCYQn3SVHCHtjtQcCWUa%2fwbphdDTNIUNllPv0zombFzYgV5mdinr%2fg9eG5T2eCPkBxpW2ge2t&referrer=http%3a%2f%2fwww.auction.co.kr%2f&seq=339653462653&type=1
풀토래 슬라이스닭가슴살 토마토맛 1팩 130g ,"1,900",http://adgate.auction.co.kr/core/click?nextUrl=http%3a%2f%2fitempage3.auction.co.kr%2fDetailView.aspx%3fitemno%3dC291448902&data=wsP07KgqvfbwklXliiqxEue3jdWxFluyTzN8uvWXYIOGFa0eHiwsrrbM44fxO3aRBYSrWWdpAxhZzP7wtC5iKaj81d7lJKp%2fewUJTO26BpTobuTv743GUCqpB92zZOE%2fCOxpQZninAa13fN3EwI6wqmf9F1S9PWRxi3JKLZiOn2Z0T7SEl7ZVAL%2fBC6o%2bKxqlyW3n9nwGV%2bc4Z9lcAiRKXO1DoHq2g1LUrC31vMb1fDma1X16RB%2bHcw85NRZnpbMVELviKBPDAZNVtYf683WSmhfRGXne9Y7LO9wsl%2bafAXkcrVAsQY0i4eOk5FV4yRY%2fKDHlR%2fN0AwWEJPMR6grxSzD8TEJMsrtCHeLwcaGM7osYudjP%2bueksm4FaGq2huRvoGXqmAU7%2bHdLYEmp5a38MbRYC2Ep9HwEvOJJ8nD4o6ZKnouieapwhR4458TMai3qNbn5dRybi8UHkcuNZ9l%2baRKlw5utVoJdIsgi%2bbJ251BHDjoooDs9Ykyy%2f6D1GjvBD%2fza1%2bdkwr%2bOemV8qabuja5wZEiNkKKPJIEhtYDIUk91Unk0jp0h%2bJ0LH9Ssg06%2bsCPJRFrH2LkIv87c9ZApAGRIxbUHt7wmQcoqvOElpPo7qPDaWmXs4sNChzgWNNUMpIvCqcG48Fy6yv%2bjiX3%2flzXpuCY3%2fCaQvvvBJKbggdRYFGMMs0cJX6loIQs2qDq6hkx%2bjoT%2bzF9Ls%2fZlL98qSN86MW1qRfAO&referrer=http%3a%2f%2fwww.auction.co.kr%2f&seq=339653462654&type=1
풀토래 슬라이스닭가슴살 매콤한맛 10팩/무료배송 ,"17,900",http://adgate.auction.co.kr/core/click?nextUrl=http%3a%2f%2fitempage3.auction.co.kr%2fDetailView.aspx%3fitemno%3dC274706101&data=wQq%2b4XegQwlUARggZZuePwi18I87w%2b4lyVvTf%2bilWQVyODI0%2b4WIfvNmVJxlgTLNPIZ7O9LmzyYuJ01Ei357P%2fLJXaE4MyzzjDdvSObBBp86gFwnbBDyDK%2fLWTUgfysCkXm6DDPveUUQBulYYutL6OsCfSxAer5Vvv3JqR%2bttBuZ8Ebv2IaWGvL%2fK4pCov%2fX8qAZvLkSTG3FzfNCeDFvSCaTLM%2bCWYYGfW4XWzuEZ84cFBJnjJhQpkQzUnAmaHApIk6Cvi0OkJizgzESN77rDzMnPQWM3%2bF9QKffEqE6jlbnFqofNkPjEQ7lEeLq%2fvSfpat3X5lzhqIFxezekuUjUkd2d6MFqIW4PEj5nUyvU%2bjb0NcGLlIF8dKk87fMOcM3pH3OYq5bt5O%2foljakfAVimRh03IJb2EkSDfj3T4A12RaVBoSShSY%2bNN6LIjZvSY2sw0y2TKdFFYu11%2bENc0XYKexyDeo%2frdGaZ0FqBK6PvQV2SEflzV4IIlMiuB8TAdbKIqUTGY%2fYWoLyMQfs%2bmMzKgLs7d6wxxPDX2%2b5%2b80JxypUrSZMXrb284%2b5tsST%2fEdH3V85s%2fKYJxfAEHgJXrfNLgE%2fmRHiGi72TbGb%2fSV5o0W%2bga%2bxHbok9Y95UdzN7SHWAvQxe3pRyO7f3kBQFNwRxpNG4BOy6RghATPMamO%2b5VgjYSoABadnk7TRXeA9HOtFfJwEzOSg5kaVJcVkrnomCu%2fsYKUuAxNa&referrer=http%3a%2f%2fwww.auction.co.kr%2f&seq=339653462655&type=1
사조 리얼 훈제닭가슴살 135gx12개 ,"20,900",http://itempage3.auction.co.kr/DetailView.aspx?itemno=C413543648
사조 리얼 닭가슴살 135gx12개 ,"20,900",http://itempage3.auction.co.kr/DetailView.aspx?itemno=C413544806
하림 IFF 닭가슴살 1kg 3봉 ,"39,900",http://itempage3.auction.co.kr/DetailView.aspx?itemno=C393238613
사조 리얼 닭가슴살 135gx4 ,"7,400",http://itempage3.auction.co.kr/DetailView.aspx?itemno=C332751833
사조 리얼 훈제닭가슴살 135gx4 ,"7,200",http://itempage3.auction.co.kr/DetailView.aspx?itemno=C332750524
랭킹닭컴 닭가슴살 소시지 혼합구성 16팩(1.6kg) ,"22,000",http://itempage3.auction.co.kr/DetailView.aspx?itemno=C463465729
10kg 닭가슴살(국내산 닭가슴살 1kg-10개) ,"49,800",http://itempage3.auction.co.kr/DetailView.aspx?itemno=A549376569
닭가슴살 슬라이스 10kg(100% 국내산) ,"47,800",http://itempage3.auction.co.kr/DetailView.aspx?itemno=A872968931
목우촌닭고기 생닭가슴살 냉장 닭가슴살 5kg ,"27,500",http://itempage3.auction.co.kr/DetailView.aspx?itemno=A784825216
목우촌닭고기 냉동 닭가슴살 5kg ,"27,500",http://itempage3.auction.co.kr/DetailView.aspx?itemno=A728719745
하림 IFF 닭가슴살 1kg 5봉 ,"49,500",http://itempage3.auction.co.kr/DetailView.aspx?itemno=C309322392
그린푸드 닭가슴살SL 10kg 국내산100% ,"49,800",http://itempage3.auction.co.kr/DetailView.aspx?itemno=A514780888
사조 리얼 훈제닭가슴살 135gx12개 ,"20,900",http://itempage3.auction.co.kr/DetailView.aspx?itemno=C413543648
사조 리얼 닭가슴살 135gx12개 ,"20,900",http://itempage3.auction.co.kr/DetailView.aspx?itemno=C413544806
5kg 닭가슴살 (국내산 닭가슴살 1kg-5개) ,"28,500",http://itempage3.auction.co.kr/DetailView.aspx?itemno=A549415221
닭안심살  10kg(100% 국내산) ,"47,800",http://itempage3.auction.co.kr/DetailView.aspx?itemno=B315594713
녹차 닭 안심살 1KG X 5 개 (국내산 닭고기) ,"26,900",http://itempage3.auction.co.kr/DetailView.aspx?itemno=C213220136
녹차 닭가슴살 슬라이스 1KG X 5 개 (국내산 닭고기) ,"26,900",http://itempage3.auction.co.kr/DetailView.aspx?itemno=C213223878
올품 닭가슴살 1kg 3봉 ,"25,300",http://itempage3.auction.co.kr/DetailView.aspx?itemno=B455054800
하림 IFF 닭가슴살 1kg 10봉 ,"107,100",http://itempage3.auction.co.kr/DetailView.aspx?itemno=A521318550
올품 IQF 닭가슴살 슬라이스 1kg 3봉 ,"27,300",http://itempage3.auction.co.kr/DetailView.aspx?itemno=A605981768
녹차 닭가슴살 슬라이스 1KG X 10 개 (국내산 닭고기) ,"47,800",http://itempage3.auction.co.kr/DetailView.aspx?itemno=C213223180
국내산 냉동 생 닭가슴살 5kg(1kgx5팩) ,"24,900",http://itempage3.auction.co.kr/DetailView.aspx?itemno=C557953900
하림 IFF 닭가슴살 1kg 5봉 ,"51,500",http://itempage3.auction.co.kr/DetailView.aspx?itemno=A521318260
하림 IFF 닭가슴살 1kg 3봉 ,"39,900",http://itempage3.auction.co.kr/DetailView.aspx?itemno=C393238613
녹차 닭 안심살 1KG X 10 개 (국내산 닭고기) ,"47,800",http://itempage3.auction.co.kr/DetailView.aspx?itemno=C213213620
국내산 냉동 생 닭가슴살 3kg(1kgx3팩) ,"16,400",http://itempage3.auction.co.kr/DetailView.aspx?itemno=C563704023
올품 IQF 닭가슴살 슬라이스 1kg 3봉 ,"32,600",http://itempage3.auction.co.kr/DetailView.aspx?itemno=B393469811
하림 IFF 닭가슴살 1kg ,"10,300",http://itempage3.auction.co.kr/DetailView.aspx?itemno=A530356346
사조 리얼 닭가슴살 135gx4 ,"7,400",http://itempage3.auction.co.kr/DetailView.aspx?itemno=C332751833
사조 리얼 훈제닭가슴살 135gx4 ,"7,200",http://itempage3.auction.co.kr/DetailView.aspx?itemno=C332750524
얼리지않은 닭가슴살 냉장 닭가슴살 2kg 국내산 냉장 ,"12,900",http://itempage3.auction.co.kr/DetailView.aspx?itemno=B842678093
그린푸드 닭가슴살SL 5kg 국내산100%/ ,"29,600",http://itempage3.auction.co.kr/DetailView.aspx?itemno=A509698341
하림 IFF 닭가슴살 1kg 5봉 ,"55,900",http://itempage3.auction.co.kr/DetailView.aspx?itemno=B393457501
하림 IFF  닭가슴살 1kg 3봉 ,"35,900",http://itempage3.auction.co.kr/DetailView.aspx?itemno=B393453939
올품 IQF 닭가슴살 슬라이스 1kg 5봉 ,"42,300",http://itempage3.auction.co.kr/DetailView.aspx?itemno=A605959595
올품 IQF 닭가슴살 슬라이스 1kg 10봉 ,"84,700",http://itempage3.auction.co.kr/DetailView.aspx?itemno=A605981322
친환경 무항생제 자연실록 닭가슴살 400g 2봉 ,"15,200",http://itempage3.auction.co.kr/DetailView.aspx?itemno=A529832584
동원 순 닭가슴살 135g 10/캔/통조림 ,"19,800",http://itempage3.auction.co.kr/DetailView.aspx?itemno=B818168823
하림 IFF 닭가슴살 1kg 3봉 ,"33,800",http://itempage3.auction.co.kr/DetailView.aspx?itemno=C309323530
국내산 냉동 생 닭가슴살 10kg(1kgx10팩) ,"46,400",http://itempage3.auction.co.kr/DetailView.aspx?itemno=C559967664
국내산 냉동 생 닭가슴살 7kg(1kgx7팩) ,"38,400",http://itempage3.auction.co.kr/DetailView.aspx?itemno=C563709749
마테차 훈제 닭가슴살 3kg 국내산 닭가슴살 ,"26,900",http://itempage3.auction.co.kr/DetailView.aspx?itemno=A557125204
스팀 닭가슴살 혼합구성 100gx30팩(3kg) ,"49,100",http://itempage3.auction.co.kr/DetailView.aspx?itemno=C286884166
허닭 닭가슴살 스테이크 BEST 16팩 패키지 +증정 ,"21,900",http://itempage3.auction.co.kr/DetailView.aspx?itemno=C405648168
춉춉 닭가슴살 22g x 100개 고양이간식 ,"19,900",http://itempage3.auction.co.kr/DetailView.aspx?itemno=C483502674
랭킹닭컴 닭가슴살 소시지 혼합구성 16팩(1.6kg) ,"22,000",http://itempage3.auction.co.kr/DetailView.aspx?itemno=C463465729
그린푸드훈제닭가슴살5kg국내산 200g포장 소금무첨가 ,"46,500",http://itempage3.auction.co.kr/DetailView.aspx?itemno=A511147249
랭킹닭컴 닭가슴살 스테이크 오리지널 13팩(1.3kg) ,"20,200",http://itempage3.auction.co.kr/DetailView.aspx?itemno=C463129587
랭킹닭컴 닭가슴살 스팀 혼합 16팩(1.6kg) ,"26,600",http://itempage3.auction.co.kr/DetailView.aspx?itemno=C463374018
허닭 닭가슴살 첫구매 입문용 실속있는 22팩 패키지 ,"29,900",http://itempage3.auction.co.kr/DetailView.aspx?itemno=C427477980
랭킹닭컴 닭가슴살 스테이크 혼합 16팩(1.6kg) ,"23,600",http://itempage3.auction.co.kr/DetailView.aspx?itemno=C463358866
허닭 일품 닭가슴살 스테이크 100g 7종 혼합 28팩 ,"29,900",http://itempage3.auction.co.kr/DetailView.aspx?itemno=C398551015
뉴트리플랜 참치닭가슴살160gx48개 고양이캔 습식캔 ,"42,200",http://itempage3.auction.co.kr/DetailView.aspx?itemno=C254554556
마테차 훈제닭가슴살5k(200g25팩)국내산 닭가슴살 ,"44,900",http://itempage3.auction.co.kr/DetailView.aspx?itemno=A557126889
허닭 닭가슴살 함박스테이크 100g 4종 혼합 20팩 ,"28,900",http://itempage3.auction.co.kr/DetailView.aspx?itemno=C397817349
허닭 닭가슴살 소시지만 모았닭 28팩 패키지 +증정 ,"32,900",http://itempage3.auction.co.kr/DetailView.aspx?itemno=C427478190
그린푸드훈제닭가슴살10k국내산200g포장/소금무첨가 ,"88,000",http://itempage3.auction.co.kr/DetailView.aspx?itemno=A555517005
맛있는 닭가슴살 볶음밥 5종 혼합 20팩 ,"38,500",http://itempage3.auction.co.kr/DetailView.aspx?itemno=C348002469
굽네 닭가슴살만 맛보기 16종 17+1팩_PW09 ,"40,900",http://itempage3.auction.co.kr/DetailView.aspx?itemno=B407947081
랭킹닭컴 닭가슴살 스테이크 오리지널 7팩 외 골라담기 ,"12,500",http://itempage3.auction.co.kr/DetailView.aspx?itemno=C600221326
그린푸드  훈제 닭가슴살 3kg 국내산1등 체중조절식품 ,"28,900",http://itempage3.auction.co.kr/DetailView.aspx?itemno=A511147142
마테차훈제닭가슴살10k(200g50팩)국내산 닭가슴살 ,"84,900",http://itempage3.auction.co.kr/DetailView.aspx?itemno=A557127819
하림 밥싸먹는 닭가슴살 슬라이스 129g 5봉 ,"13,900",http://itempage3.auction.co.kr/DetailView.aspx?itemno=C557681358
하림이닭 수비드닭가슴살퀴노아앤페퍼 115g 10봉 ,"19,000",http://itempage3.auction.co.kr/DetailView.aspx?itemno=B797738659
녹차 닭가슴살 1KG  X 10 개 (국내산 닭고기) ,"49,800",http://itempage3.auction.co.kr/DetailView.aspx?itemno=B886710554
더건강한 닭가슴살 직화 스테이크100G x8개 ,"13,120",http://itempage3.auction.co.kr/DetailView.aspx?itemno=C585361611
닭가슴살 오리지널+훈제+블랙페퍼 각4봉씩 총12봉 ,"25,500",http://itempage3.auction.co.kr/DetailView.aspx?itemno=B727217347
닭가슴살 블랙페퍼 110g 10봉 ,"21,500",http://itempage3.auction.co.kr/DetailView.aspx?itemno=B739740889
함초 훈제 닭가슴살 200gx15팩 3kg/다이어트/헬스 ,"27,500",http://itempage3.auction.co.kr/DetailView.aspx?itemno=B281879846
브랜드닭 훈제 닭가슴살 오리지널 100g 30팩 (3kg) ,"39,000",http://itempage3.auction.co.kr/DetailView.aspx?itemno=B719727147
고양이간식 닭가슴살 22g X 30개 파우치건강식 강아지 ,"10,900",http://itempage3.auction.co.kr/DetailView.aspx?itemno=B582826009
마테차훈제닭가슴살1kg(200g5팩)소금무첨가/다이어트 ,"14,000",http://itempage3.auction.co.kr/DetailView.aspx?itemno=A557123709
바로드숑  실온 닭가슴살 5가지맛 혼합 10팩 세트 ,"22,000",http://itempage3.auction.co.kr/DetailView.aspx?itemno=C522256560
